category,stockouts,stockout_rate,revenue_at_risk,total_demand,transactions
Appliances,1226,50.76604554865425,135624621.52,717502,2415
Electronics,1367,52.882011605415855,146267425.51,777940,2585
