region,stockouts,stockout_rate,revenue_at_risk,avg_demand_gap,transactions
Coastal,1578,52.79357644697223,171939612.73,4.119103379056541,2989
Inland,1015,50.47240179015415,109952434.3,-1.2630532073595226,2011
