weather,avg_demand_gap,demand_variance,stockouts,stockout_rate,revenue_at_risk,transactions
Cloudy,-7.263856362217018,165.67260357533272,691,53.942232630757225,73628542.8,1281
Rainy,7.214285714285714,173.62758498407518,658,54.02298850574713,69785303.87,1218
Stormy,3.2181670721816706,164.86841544076694,621,50.36496350364964,72173489.44,1233
Sunny,4.985804416403785,168.4470030982615,623,49.132492113564666,66304710.92,1268
